{
    "loss": 10.868582725524902,
    "accuracy": 0.5179855823516846
}