{
    "loss": 7.821827411651611,
    "accuracy": 0.5467625856399536
}